CREATE TABLE AUDITORIA (
     ID_AUDITORIA INT AUTO_INCREMENT PRIMARY KEY,
     USUARIO_AUDITORIA varchar(10) NOT NULL,
     EVENTO_AUDITORIA varchar(15) NULL,
	 TABLA_AUDITORIA varchar(15) NOT NULL,
	 ID_TABLA_AUDITORIA bigint NOT NULL,
	 IP_AUDITORIA varchar(15) NOT NULL,
	 FECHA_AUDITORIA date
);

CREATE TABLE PARAMETRO_NOMINA(
    ID_PARAMETRO_NOMINA TINYINT AUTO_INCREMENT PRIMARY KEY,
    NOMBRE_PARAMETRO VARCHAR(60) NOT NULL,
    VALOR_PARAMETRO FLOAT NOT NULL,
    REMUNERADO CHAR(1) NOT NULL,
    ESTADO CHAR(1) NOT NULL DEFAULT 'A'

);

CREATE TABLE TIPO_NOVEDAD(
    ID_TIPO_NOVEDAD TINYINT AUTO_INCREMENT PRIMARY KEY,
    DESCRIPCION VARCHAR(60) NOT NULL,
    ID_PARAMETRO_NOMINA TINYINT NOT NULL,
    ESTADO CHAR(1) NOT NULL DEFAULT 'A',
    FOREIGN KEY (ID_PARAMETRO_NOMINA)
        REFERENCES PARAMETRO_NOMINA (ID_PARAMETRO_NOMINA)
);

CREATE TABLE DEPENDENCIA(
    ID_DEPENDENCIA SMALLINT AUTO_INCREMENT PRIMARY KEY,
    DESCRIPCION_DEPEND VARCHAR(40) NOT NULL
);

CREATE TABLE CJ_COMPENSACION(
    ID_CJ_COMPENSACION SMALLINT AUTO_INCREMENT PRIMARY KEY,
    DESCRIPCION_CMPNSACION VARCHAR(60) NOT NULL,
    ESTADO CHAR(1) NOT NULL DEFAULT 'A'
);

CREATE TABLE PENSION(
    ID_PENSION SMALLINT AUTO_INCREMENT PRIMARY KEY ,
    DESCRIPCION_PNSION VARCHAR(60) NOT NULL,
    ESTADO CHAR(1) NOT NULL DEFAULT 'A'
);

CREATE TABLE EPS(
    ID_EPS SMALLINT AUTO_INCREMENT PRIMARY KEY,
    DESCRIPCION_EPS VARCHAR(60) NOT NULL,
    ESTADO CHAR(1) NOT NULL DEFAULT 'A'
);

CREATE TABLE ARL(
    ID_ARL SMALLINT AUTO_INCREMENT PRIMARY KEY,
    DESCRIPCION_ARL VARCHAR(60) NOT NULL,
    ESTADO CHAR(1) NOT NULL DEFAULT 'A'
);

CREATE TABLE CARGO(
    ID_CARGO MEDIUMINT AUTO_INCREMENT PRIMARY KEY,
    DESCRIPCION_CARGO VARCHAR(60) NOT NULL,
    ID_DEPENDENCIA SMALLINT NOT NULL,
    SALARIO_BASE INT NOT NULL,
    ESTADO CHAR(1) NOT NULL DEFAULT 'A',
    FOREIGN KEY (ID_DEPENDENCIA)
        REFERENCES DEPENDENCIA (ID_DEPENDENCIA)
);

CREATE TABLE PARAMETRO_PRESTACIONES(/* REVISAR*/
    ID_PARAMETRO_PRESTACIONES TINYINT AUTO_INCREMENT PRIMARY KEY,
    NOMBRE VARCHAR(60) NOT NULL,
    VALOR_PARAMETRO FLOAT NOT NULL,
    ESTADO CHAR(1) DEFAULT 'A'
);

CREATE TABLE TIPO_CONTRATO(/* REVISAR*/
    ID_TIPO_CONTRATO TINYINT AUTO_INCREMENT PRIMARY KEY,
    DESCRIPCION_TPC VARCHAR(60) NOT NULL,
    ID_PARAMETRO_PRESTACIONES SMALLINT NOT NULL,
    ESTADO CHAR(1) NOT NULL DEFAULT 'A'
);

CREATE TABLE EMPLEADO (/*Revisar solo poner fechas vigencia*/
    ID_EMPLEADO MEDIUMINT PRIMARY KEY,
	PNOMBRE_EMPLEADO varchar(45) NOT NULL,
	SNOMBRE_EMPLEADO varchar(45) DEFAULT NULL,
	PAPELLIDO_EMPLEADO varchar(45) NOT NULL,
	SAPELLIDO_EMPLEADO varchar(45) DEFAULT NULL,
	SALARIO_INTEGRAL CHAR(1),
	FECHA_INGRESO date NOT NULL,
	FECHA_VIGENCIA DATE,
    ID_EPS SMALLINT NOT NULL,
    ID_ARL SMALLINT NOT NULL,
    ID_CARGO MEDIUMINT NOT NULL,
    ID_PENSION SMALLINT NOT NULL,
    ID_TIPO_CONTRATO TINYINT NOT NULL,
    ID_CJ_COMPENSACION SMALLINT NOT NULL,
    ESTADO CHAR(1) NOT NULL DEFAULT 'A',
    FOREIGN KEY (ID_EPS)
        REFERENCES EPS (ID_EPS),
    FOREIGN KEY (ID_ARL)
        REFERENCES ARL (ID_ARL),
    FOREIGN KEY (ID_CARGO)
        REFERENCES CARGO (ID_CARGO),
    FOREIGN KEY (ID_PENSION)
        REFERENCES PENSION (ID_PENSION),
    FOREIGN KEY (ID_TIPO_CONTRATO)
        REFERENCES TIPO_CONTRATO (ID_TIPO_CONTRATO),
    FOREIGN KEY (ID_CJ_COMPENSACION)
        REFERENCES CJ_COMPENSACION (ID_CJ_COMPENSACION)
);

CREATE TABLE NOMINA(/*Revisar completar datos*/
    ID_NOMINA INT AUTO_INCREMENT PRIMARY KEY,
	SUELDO_DEVENGADO MEDIUMINT NOT NULL,
	TRANSPORTE CHAR(1),
	NUM_DIAS_TRABAJADOS SMALLINT NOT NULL,
	SUELDO_TOTAL MEDIUMINT NOT NULL,
	FECHA_INICIO DATE NOT NULL,
	FECHA_FIN DATE DEFAULT CURDATE(),
	ID_EMPLEADO MEDIUMINT NOT NULL,
	FOREIGN KEY (ID_EMPLEADO)
        REFERENCES EMPLEADO(ID_EMPLEADO)
);

CREATE TABLE NOVEDAD(
    ID_NOVEDAD MEDIUMINT AUTO_INCREMENT AUTO_INCREMENT PRIMARY KEY,
    ID_EMPLEADO MEDIUMINT NOT NULL,
    ID_TIPO_NOVEDAD TINYINT NOT NULL,
    CANTIDAD INT,
    FECHA_INICIO DATE,
    FECHA_FIN DATE,
    FOREIGN KEY (ID_TIPO_NOVEDAD)
        REFERENCES TIPO_NOVEDAD (ID_TIPO_NOVEDAD),
    FOREIGN KEY (ID_EMPLEADO)
        REFERENCES EMPLEADO (ID_EMPLEADO)
);

INSERT INTO EPS VALUES (1,'EPS-Sanitas','A');
INSERT INTO EPS VALUES (2,'Aliansalud EPS','A');
INSERT INTO EPS VALUES (3,'Nueva EPS','A');
INSERT INTO EPS VALUES (4,'EPS-Sura','A');

INSERT INTO ARL VALUES (1,'Positiva','A');
INSERT INTO ARL VALUES (2,'Negativa','A');

INSERT INTO DEPENDENCIA VALUES (1,'Tecnología');
INSERT INTO DEPENDENCIA VALUES (2,'Facturación');
INSERT INTO DEPENDENCIA VALUES (3,'Contabilidad');
INSERT INTO DEPENDENCIA VALUES (4,'Comercial');

INSERT INTO PENSION VALUES (1,'Colpensiones','A');
INSERT INTO PENSION VALUES (2,'Protección','A');
INSERT INTO PENSION VALUES (3,'Provenir','A');
INSERT INTO PENSION VALUES (4,'Skandia','A');

INSERT INTO CJ_COMPENSACION VALUES (1,'Cafam','A');
INSERT INTO CJ_COMPENSACION VALUES (2,'Compensar','A');
INSERT INTO CJ_COMPENSACION VALUES (3,'Colsubsidio','A');

INSERT INTO CARGO VALUES (1,'Ingeniero de Desarrollo',1,5000000,'A');
INSERT INTO CARGO VALUES (2,'Auxiliar especializado',2,1350000,'A');
INSERT INTO CARGO VALUES (3,'Director de Impuestos',3,3000000,'A');
INSERT INTO CARGO VALUES (4,'Gerente de ventas ',4,5000000,'A');
INSERT INTO CARGO VALUES (5,'Director de Facturación',2,2500000,'A');
INSERT INTO CARGO VALUES (6,'Ingeniero de Soporte',1,2500000,'A');
INSERT INTO CARGO VALUES (7,'DBA',1,7000000,'A');
INSERT INTO CARGO VALUES (8,'Auditor interno',3,2500000,'A');
INSERT INTO CARGO VALUES (9,'Director de presupuestos',3,5000000,'A');
INSERT INTO CARGO VALUES (10,'Líder de infraestructura',1,6000000,'A');
INSERT INTO CARGO VALUES (11,'Director de cartera',2,5000000,'A');
INSERT INTO CARGO VALUES (12,'Líder de QA',1,4000000,'A');
INSERT INTO CARGO VALUES (13,'Director de costos',3,3000000,'A');
INSERT INTO CARGO VALUES (14,'Director de ventas',4,2000000,'A');

INSERT INTO PARAMETRO_NOMINA VALUES (1,'Licencia de luto',100,'S','A');
INSERT INTO PARAMETRO_NOMINA VALUES (2,'Licencia de maternidad',100,'S','A');
INSERT INTO PARAMETRO_NOMINA VALUES (3,'Licencia de parternidad',100,'S','A');
INSERT INTO PARAMETRO_NOMINA VALUES (4,'Licencia no remunerada',0,'N','A');
INSERT INTO PARAMETRO_NOMINA VALUES (5,'Incapacidad común',100,'P','A');
INSERT INTO PARAMETRO_NOMINA VALUES (6,'Incapacidad medica laboral',100,'S','A');
INSERT INTO PARAMETRO_NOMINA VALUES (7,'Vacaciones',100,'S','A');
INSERT INTO PARAMETRO_NOMINA VALUES (8,'Recargo nocturno',0.35,'S','A');
INSERT INTO PARAMETRO_NOMINA VALUES (9,'Hora extra diurna',1.25,'S','A');
INSERT INTO PARAMETRO_NOMINA VALUES (10,'Hora extra nocturna',1.75,'S','A');
INSERT INTO PARAMETRO_NOMINA VALUES (11,'Hora extra dominical',1.75,'S','A');
INSERT INTO PARAMETRO_NOMINA VALUES (12,'Hora extra diurna dominical',2,'S','A');
INSERT INTO PARAMETRO_NOMINA VALUES (13,'Hora extra nocturna dominical',2.5,'S','A');
INSERT INTO PARAMETRO_NOMINA VALUES (14,'Bonificaciones',0,'S','A');
INSERT INTO PARAMETRO_NOMINA VALUES (15,'SALARIO_MINIMO',1300606,'S','A');
INSERT INTO PARAMETRO_NOMINA VALUES (16,'SALARIO_INTEGRAL',15050000,'S','A');

INSERT INTO TIPO_NOVEDAD VALUES (1,'Licencia de luto',1,'A');
INSERT INTO TIPO_NOVEDAD VALUES (2,'Licencia de maternidad',2,'A');
INSERT INTO TIPO_NOVEDAD VALUES (3,'Licencia de parternidad',3,'A');
INSERT INTO TIPO_NOVEDAD VALUES (4,'Licencia no remunerada',4,'A');
INSERT INTO TIPO_NOVEDAD VALUES (5,'Incapacidad común',5,'A');
INSERT INTO TIPO_NOVEDAD VALUES (6,'Incapacidad medica laboral',6,'A');
INSERT INTO TIPO_NOVEDAD VALUES (7,'Vacaciones',7,'A');
INSERT INTO TIPO_NOVEDAD VALUES (8,'Recargo nocturno',8,'A');
INSERT INTO TIPO_NOVEDAD VALUES (9,'Hora extra diurna',9,'A');
INSERT INTO TIPO_NOVEDAD VALUES (10,'Hora extra nocturna',10,'A');
INSERT INTO TIPO_NOVEDAD VALUES (11,'Hora extra dominical',11,'A');
INSERT INTO TIPO_NOVEDAD VALUES (12,'Hora extra diurna dominical',12,'A');
INSERT INTO TIPO_NOVEDAD VALUES (13,'Hora extra nocturna dominical',13,'A');
INSERT INTO TIPO_NOVEDAD VALUES (14,'Bonificaciones',14,'A');

